Matchday,Day,Date,Home,Away,FullTime,HalfTime
1,Fri,2023-08-11,Burnley FC,Manchester City FC,0-3,0-2
1,Sat,2023-08-12,Arsenal FC,Nottingham Forest FC,2-1,2-0
1,Sat,2023-08-12,AFC Bournemouth,West Ham United FC,1-1,0-0
1,Sat,2023-08-12,Brighton & Hove Albion FC,Luton Town FC,4-1,1-0
1,Sat,2023-08-12,Everton FC,Fulham FC,0-1,0-0
1,Sat,2023-08-12,Sheffield United FC,Crystal Palace FC,0-1,0-0
1,Sat,2023-08-12,Newcastle United FC,Aston Villa FC,5-1,2-1
1,Sun,2023-08-13,Brentford FC,Tottenham Hotspur FC,2-2,2-2
1,Sun,2023-08-13,Chelsea FC,Liverpool FC,1-1,1-1
1,Mon,2023-08-14,Manchester United FC,Wolverhampton Wanderers FC,1-0,0-0
2,Fri,2023-08-18,Nottingham Forest FC,Sheffield United FC,2-1,1-0
2,Sat,2023-08-19,Fulham FC,Brentford FC,0-3,0-1
2,Sat,2023-08-19,Liverpool FC,AFC Bournemouth,3-1,2-1
2,Sat,2023-08-19,Wolverhampton Wanderers FC,Brighton & Hove Albion FC,1-4,0-1
2,Sat,2023-08-19,Tottenham Hotspur FC,Manchester United FC,2-0,0-0
2,Sat,2023-08-19,Manchester City FC,Newcastle United FC,1-0,1-0
2,Sun,2023-08-20,Aston Villa FC,Everton FC,4-0,2-0
2,Sun,2023-08-20,West Ham United FC,Chelsea FC,3-1,1-1
2,Mon,2023-08-21,Crystal Palace FC,Arsenal FC,0-1,0-0
3,Fri,2023-08-25,Chelsea FC,Luton Town FC,3-0,1-0
3,Sat,2023-08-26,AFC Bournemouth,Tottenham Hotspur FC,0-2,0-1
3,Sat,2023-08-26,Everton FC,Wolverhampton Wanderers FC,0-1,0-0
3,Sat,2023-08-26,Manchester United FC,Nottingham Forest FC,3-2,1-2
3,Sat,2023-08-26,Arsenal FC,Fulham FC,2-2,0-1
3,Sat,2023-08-26,Brentford FC,Crystal Palace FC,1-1,1-0
3,Sat,2023-08-26,Brighton & Hove Albion FC,West Ham United FC,1-3,0-1
3,Sun,2023-08-27,Sheffield United FC,Manchester City FC,1-2,0-0
3,Sun,2023-08-27,Burnley FC,Aston Villa FC,1-3,0-2
3,Sun,2023-08-27,Newcastle United FC,Liverpool FC,1-2,1-0
4,Fri,2023-09-01,Luton Town FC,West Ham United FC,1-2,0-1
4,Sat,2023-09-02,Sheffield United FC,Everton FC,2-2,2-1
4,Sat,2023-09-02,Brentford FC,AFC Bournemouth,2-2,1-1
4,Sat,2023-09-02,Burnley FC,Tottenham Hotspur FC,2-5,1-2
4,Sat,2023-09-02,Chelsea FC,Nottingham Forest FC,0-1,0-0
4,Sat,2023-09-02,Manchester City FC,Fulham FC,5-1,2-1
4,Sat,2023-09-02,Brighton & Hove Albion FC,Newcastle United FC,3-1,1-0
4,Sun,2023-09-03,Crystal Palace FC,Wolverhampton Wanderers FC,3-2,0-0
4,Sun,2023-09-03,Liverpool FC,Aston Villa FC,3-0,2-0
4,Sun,2023-09-03,Arsenal FC,Manchester United FC,3-1,1-1
5,Sat,2023-09-16,Wolverhampton Wanderers FC,Liverpool FC,1-3,1-0
5,Sat,2023-09-16,Aston Villa FC,Crystal Palace FC,3-1,0-0
5,Sat,2023-09-16,Fulham FC,Luton Town FC,1-0,0-0
5,Sat,2023-09-16,Manchester United FC,Brighton & Hove Albion FC,1-3,0-1
5,Sat,2023-09-16,Tottenham Hotspur FC,Sheffield United FC,2-1,0-0
5,Sat,2023-09-16,West Ham United FC,Manchester City FC,1-3,1-0
5,Sat,2023-09-16,Newcastle United FC,Brentford FC,1-0,0-0
5,Sun,2023-09-17,AFC Bournemouth,Chelsea FC,0-0,
5,Sun,2023-09-17,Everton FC,Arsenal FC,0-1,0-0
5,Mon,2023-09-18,Nottingham Forest FC,Burnley FC,1-1,0-1
6,Sat,2023-09-23,Crystal Palace FC,Fulham FC,0-0,
6,Sat,2023-09-23,Luton Town FC,Wolverhampton Wanderers FC,1-1,0-0
6,Sat,2023-09-23,Manchester City FC,Nottingham Forest FC,2-0,2-0
6,Sat,2023-09-23,Brentford FC,Everton FC,1-3,1-1
6,Sat,2023-09-23,Burnley FC,Manchester United FC,0-1,0-1
6,Sun,2023-09-24,Arsenal FC,Tottenham Hotspur FC,2-2,1-1
6,Sun,2023-09-24,Brighton & Hove Albion FC,AFC Bournemouth,3-1,1-1
6,Sun,2023-09-24,Chelsea FC,Aston Villa FC,0-1,0-0
6,Sun,2023-09-24,Liverpool FC,West Ham United FC,3-1,1-1
6,Sun,2023-09-24,Sheffield United FC,Newcastle United FC,0-8,0-3
7,Sat,2023-09-30,Aston Villa FC,Brighton & Hove Albion FC,6-1,3-0
7,Sat,2023-09-30,AFC Bournemouth,Arsenal FC,0-4,0-2
7,Sat,2023-09-30,Everton FC,Luton Town FC,1-2,1-2
7,Sat,2023-09-30,Manchester United FC,Crystal Palace FC,0-1,0-1
7,Sat,2023-09-30,Newcastle United FC,Burnley FC,2-0,1-0
7,Sat,2023-09-30,West Ham United FC,Sheffield United FC,2-0,2-0
7,Sat,2023-09-30,Wolverhampton Wanderers FC,Manchester City FC,2-1,1-0
7,Sat,2023-09-30,Tottenham Hotspur FC,Liverpool FC,2-1,1-1
7,Sun,2023-10-01,Nottingham Forest FC,Brentford FC,1-1,0-0
7,Mon,2023-10-02,Fulham FC,Chelsea FC,0-2,0-2
2,Tue,2023-10-03,Luton Town FC,Burnley FC,1-2,0-1
8,Sat,2023-10-07,Luton Town FC,Tottenham Hotspur FC,0-1,0-0
8,Sat,2023-10-07,Burnley FC,Chelsea FC,1-4,1-1
8,Sat,2023-10-07,Everton FC,AFC Bournemouth,3-0,2-0
8,Sat,2023-10-07,Fulham FC,Sheffield United FC,3-1,0-0
8,Sat,2023-10-07,Manchester United FC,Brentford FC,2-1,0-1
8,Sat,2023-10-07,Crystal Palace FC,Nottingham Forest FC,0-0,
8,Sun,2023-10-08,Brighton & Hove Albion FC,Liverpool FC,2-2,1-2
8,Sun,2023-10-08,West Ham United FC,Newcastle United FC,2-2,1-0
8,Sun,2023-10-08,Wolverhampton Wanderers FC,Aston Villa FC,1-1,0-0
8,Sun,2023-10-08,Arsenal FC,Manchester City FC,1-0,0-0
9,Sat,2023-10-21,Liverpool FC,Everton FC,2-0,0-0
9,Sat,2023-10-21,AFC Bournemouth,Wolverhampton Wanderers FC,1-2,1-0
9,Sat,2023-10-21,Brentford FC,Burnley FC,3-0,1-0
9,Sat,2023-10-21,Manchester City FC,Brighton & Hove Albion FC,2-1,2-0
9,Sat,2023-10-21,Newcastle United FC,Crystal Palace FC,4-0,3-0
9,Sat,2023-10-21,Nottingham Forest FC,Luton Town FC,2-2,0-0
9,Sat,2023-10-21,Chelsea FC,Arsenal FC,2-2,1-0
9,Sat,2023-10-21,Sheffield United FC,Manchester United FC,1-2,1-1
9,Sun,2023-10-22,Aston Villa FC,West Ham United FC,4-1,1-0
9,Mon,2023-10-23,Tottenham Hotspur FC,Fulham FC,2-0,1-0
10,Fri,2023-10-27,Crystal Palace FC,Tottenham Hotspur FC,1-2,0-0
10,Sat,2023-10-28,Chelsea FC,Brentford FC,0-2,0-0
10,Sat,2023-10-28,AFC Bournemouth,Burnley FC,2-1,1-1
10,Sat,2023-10-28,Arsenal FC,Sheffield United FC,5-0,1-0
10,Sat,2023-10-28,Wolverhampton Wanderers FC,Newcastle United FC,2-2,1-2
10,Sun,2023-10-29,West Ham United FC,Everton FC,0-1,0-0
10,Sun,2023-10-29,Aston Villa FC,Luton Town FC,3-1,1-0
10,Sun,2023-10-29,Brighton & Hove Albion FC,Fulham FC,1-1,1-0
10,Sun,2023-10-29,Liverpool FC,Nottingham Forest FC,3-0,2-0
10,Sun,2023-10-29,Manchester United FC,Manchester City FC,0-3,0-1
11,Sat,2023-11-04,Fulham FC,Manchester United FC,0-1,0-0
11,Sat,2023-11-04,Brentford FC,West Ham United FC,3-2,1-2
11,Sat,2023-11-04,Burnley FC,Crystal Palace FC,0-2,0-1
11,Sat,2023-11-04,Everton FC,Brighton & Hove Albion FC,1-1,1-0
11,Sat,2023-11-04,Manchester City FC,AFC Bournemouth,6-1,3-0
11,Sat,2023-11-04,Sheffield United FC,Wolverhampton Wanderers FC,2-1,0-0
11,Sat,2023-11-04,Newcastle United FC,Arsenal FC,1-0,0-0
11,Sun,2023-11-05,Nottingham Forest FC,Aston Villa FC,2-0,1-0
11,Sun,2023-11-05,Luton Town FC,Liverpool FC,1-1,0-0
11,Mon,2023-11-06,Tottenham Hotspur FC,Chelsea FC,1-4,1-1
12,Sat,2023-11-11,Wolverhampton Wanderers FC,Tottenham Hotspur FC,2-1,0-1
12,Sat,2023-11-11,Arsenal FC,Burnley FC,3-1,1-0
12,Sat,2023-11-11,Crystal Palace FC,Everton FC,2-3,1-1
12,Sat,2023-11-11,Manchester United FC,Luton Town FC,1-0,0-0
12,Sat,2023-11-11,AFC Bournemouth,Newcastle United FC,2-0,0-0
12,Sun,2023-11-12,Aston Villa FC,Fulham FC,3-1,2-0
12,Sun,2023-11-12,Brighton & Hove Albion FC,Sheffield United FC,1-1,1-0
12,Sun,2023-11-12,Liverpool FC,Brentford FC,3-0,1-0
12,Sun,2023-11-12,West Ham United FC,Nottingham Forest FC,3-2,1-1
12,Sun,2023-11-12,Chelsea FC,Manchester City FC,4-4,2-2
13,Sat,2023-11-25,Manchester City FC,Liverpool FC,1-1,1-0
13,Sat,2023-11-25,Burnley FC,West Ham United FC,1-2,0-0
13,Sat,2023-11-25,Luton Town FC,Crystal Palace FC,2-1,0-0
13,Sat,2023-11-25,Newcastle United FC,Chelsea FC,4-1,1-1
13,Sat,2023-11-25,Nottingham Forest FC,Brighton & Hove Albion FC,2-3,1-2
13,Sat,2023-11-25,Sheffield United FC,AFC Bournemouth,1-3,0-2
13,Sat,2023-11-25,Brentford FC,Arsenal FC,0-1,0-0
13,Sun,2023-11-26,Tottenham Hotspur FC,Aston Villa FC,1-2,1-1
13,Sun,2023-11-26,Everton FC,Manchester United FC,0-3,0-1
13,Mon,2023-11-27,Fulham FC,Wolverhampton Wanderers FC,3-2,1-1
14,Sat,2023-12-02,Arsenal FC,Wolverhampton Wanderers FC,2-1,2-0
14,Sat,2023-12-02,Brentford FC,Luton Town FC,3-1,0-0
14,Sat,2023-12-02,Burnley FC,Sheffield United FC,5-0,2-0
14,Sat,2023-12-02,Nottingham Forest FC,Everton FC,0-1,0-0
14,Sat,2023-12-02,Newcastle United FC,Manchester United FC,1-0,0-0
14,Sun,2023-12-03,AFC Bournemouth,Aston Villa FC,2-2,1-1
14,Sun,2023-12-03,Chelsea FC,Brighton & Hove Albion FC,3-2,2-1
14,Sun,2023-12-03,Liverpool FC,Fulham FC,4-3,2-2
14,Sun,2023-12-03,West Ham United FC,Crystal Palace FC,1-1,1-0
14,Sun,2023-12-03,Manchester City FC,Tottenham Hotspur FC,3-3,2-1
15,Tue,2023-12-05,Wolverhampton Wanderers FC,Burnley FC,1-0,1-0
15,Tue,2023-12-05,Luton Town FC,Arsenal FC,3-4,1-2
15,Wed,2023-12-06,Brighton & Hove Albion FC,Brentford FC,2-1,1-1
15,Wed,2023-12-06,Fulham FC,Nottingham Forest FC,5-0,2-0
15,Wed,2023-12-06,Sheffield United FC,Liverpool FC,0-2,0-1
15,Wed,2023-12-06,Crystal Palace FC,AFC Bournemouth,0-2,0-1
15,Wed,2023-12-06,Aston Villa FC,Manchester City FC,1-0,0-0
15,Wed,2023-12-06,Manchester United FC,Chelsea FC,2-1,1-1
15,Thu,2023-12-07,Everton FC,Newcastle United FC,3-0,0-0
15,Thu,2023-12-07,Tottenham Hotspur FC,West Ham United FC,1-2,1-0
16,Sat,2023-12-09,Crystal Palace FC,Liverpool FC,1-2,0-0
16,Sat,2023-12-09,Brighton & Hove Albion FC,Burnley FC,1-1,0-1
16,Sat,2023-12-09,Manchester United FC,AFC Bournemouth,0-3,0-1
16,Sat,2023-12-09,Sheffield United FC,Brentford FC,1-0,1-0
16,Sat,2023-12-09,Wolverhampton Wanderers FC,Nottingham Forest FC,1-1,1-1
16,Sat,2023-12-09,Aston Villa FC,Arsenal FC,1-0,1-0
16,Sun,2023-12-10,Everton FC,Chelsea FC,2-0,0-0
16,Sun,2023-12-10,Fulham FC,West Ham United FC,5-0,3-0
16,Sun,2023-12-10,Luton Town FC,Manchester City FC,1-2,1-0
16,Sun,2023-12-10,Tottenham Hotspur FC,Newcastle United FC,4-1,2-0
17,Fri,2023-12-15,Nottingham Forest FC,Tottenham Hotspur FC,0-2,0-1
17,Sat,2023-12-16,Chelsea FC,Sheffield United FC,2-0,0-0
17,Sat,2023-12-16,Manchester City FC,Crystal Palace FC,2-2,1-0
17,Sat,2023-12-16,Newcastle United FC,Fulham FC,3-0,0-0
17,Sat,2023-12-16,Burnley FC,Everton FC,0-2,0-2
17,Sun,2023-12-17,Arsenal FC,Brighton & Hove Albion FC,2-0,0-0
17,Sun,2023-12-17,Brentford FC,Aston Villa FC,1-2,1-0
17,Sun,2023-12-17,West Ham United FC,Wolverhampton Wanderers FC,3-0,2-0
17,Sun,2023-12-17,Liverpool FC,Manchester United FC,0-0,
18,Thu,2023-12-21,Crystal Palace FC,Brighton & Hove Albion FC,1-1,1-0
18,Fri,2023-12-22,Aston Villa FC,Sheffield United FC,1-1,0-0
18,Sat,2023-12-23,West Ham United FC,Manchester United FC,2-0,0-0
18,Sat,2023-12-23,Fulham FC,Burnley FC,0-2,0-0
18,Sat,2023-12-23,Luton Town FC,Newcastle United FC,1-0,1-0
18,Sat,2023-12-23,Nottingham Forest FC,AFC Bournemouth,2-3,0-0
18,Sat,2023-12-23,Tottenham Hotspur FC,Everton FC,2-1,2-0
18,Sat,2023-12-23,Liverpool FC,Arsenal FC,1-1,1-1
18,Sun,2023-12-24,Wolverhampton Wanderers FC,Chelsea FC,2-1,0-0
19,Tue,2023-12-26,Newcastle United FC,Nottingham Forest FC,1-3,1-1
19,Tue,2023-12-26,AFC Bournemouth,Fulham FC,3-0,1-0
19,Tue,2023-12-26,Sheffield United FC,Luton Town FC,2-3,0-1
19,Tue,2023-12-26,Burnley FC,Liverpool FC,0-2,0-1
19,Tue,2023-12-26,Manchester United FC,Aston Villa FC,3-2,0-2
19,Wed,2023-12-27,Brentford FC,Wolverhampton Wanderers FC,1-4,1-3
19,Wed,2023-12-27,Chelsea FC,Crystal Palace FC,2-1,1-1
19,Wed,2023-12-27,Everton FC,Manchester City FC,1-3,1-0
19,Thu,2023-12-28,Brighton & Hove Albion FC,Tottenham Hotspur FC,4-2,2-0
19,Thu,2023-12-28,Arsenal FC,West Ham United FC,0-2,0-1
20,Sat,2023-12-30,Luton Town FC,Chelsea FC,2-3,0-2
20,Sat,2023-12-30,Aston Villa FC,Burnley FC,3-2,2-1
20,Sat,2023-12-30,Crystal Palace FC,Brentford FC,3-1,2-1
20,Sat,2023-12-30,Manchester City FC,Sheffield United FC,2-0,1-0
20,Sat,2023-12-30,Wolverhampton Wanderers FC,Everton FC,3-0,1-0
20,Sat,2023-12-30,Nottingham Forest FC,Manchester United FC,2-1,0-0
20,Sun,2023-12-31,Fulham FC,Arsenal FC,2-1,1-1
20,Sun,2023-12-31,Tottenham Hotspur FC,AFC Bournemouth,3-1,1-0
20,Mon,2024-01-01,Liverpool FC,Newcastle United FC,4-2,0-0
20,Tue,2024-01-02,West Ham United FC,Brighton & Hove Albion FC,0-0,
21,Fri,2024-01-12,Burnley FC,Luton Town FC,1-1,1-0
21,Sat,2024-01-13,Chelsea FC,Fulham FC,1-0,1-0
21,Sat,2024-01-13,Newcastle United FC,Manchester City FC,2-3,2-1
21,Sun,2024-01-14,Everton FC,Aston Villa FC,0-0,
21,Sun,2024-01-14,Manchester United FC,Tottenham Hotspur FC,2-2,2-1
21,Sat,2024-01-20,Arsenal FC,Crystal Palace FC,5-0,2-0
21,Sat,2024-01-20,Brentford FC,Nottingham Forest FC,3-2,1-1
21,Sun,2024-01-21,Sheffield United FC,West Ham United FC,2-2,1-1
21,Sun,2024-01-21,AFC Bournemouth,Liverpool FC,0-4,0-0
21,Mon,2024-01-22,Brighton & Hove Albion FC,Wolverhampton Wanderers FC,0-0,
22,Tue,2024-01-30,Nottingham Forest FC,Arsenal FC,1-2,0-0
22,Tue,2024-01-30,Luton Town FC,Brighton & Hove Albion FC,4-0,3-0
22,Tue,2024-01-30,Fulham FC,Everton FC,0-0,
22,Tue,2024-01-30,Crystal Palace FC,Sheffield United FC,3-2,2-2
22,Tue,2024-01-30,Aston Villa FC,Newcastle United FC,1-3,0-2
22,Wed,2024-01-31,Tottenham Hotspur FC,Brentford FC,3-2,0-1
22,Wed,2024-01-31,Manchester City FC,Burnley FC,3-1,2-0
22,Wed,2024-01-31,Liverpool FC,Chelsea FC,4-1,2-0
22,Thu,2024-02-01,West Ham United FC,AFC Bournemouth,1-1,0-1
22,Thu,2024-02-01,Wolverhampton Wanderers FC,Manchester United FC,3-4,0-2
23,Sat,2024-02-03,Everton FC,Tottenham Hotspur FC,2-2,1-2
23,Sat,2024-02-03,Brighton & Hove Albion FC,Crystal Palace FC,4-1,3-0
23,Sat,2024-02-03,Burnley FC,Fulham FC,2-2,0-2
23,Sat,2024-02-03,Newcastle United FC,Luton Town FC,4-4,2-2
23,Sat,2024-02-03,Sheffield United FC,Aston Villa FC,0-5,0-4
23,Sun,2024-02-04,AFC Bournemouth,Nottingham Forest FC,1-1,1-1
23,Sun,2024-02-04,Chelsea FC,Wolverhampton Wanderers FC,2-4,1-2
23,Sun,2024-02-04,Manchester United FC,West Ham United FC,3-0,1-0
23,Sun,2024-02-04,Arsenal FC,Liverpool FC,3-1,1-1
23,Mon,2024-02-05,Brentford FC,Manchester City FC,1-3,1-1
24,Sat,2024-02-10,Manchester City FC,Everton FC,2-0,0-0
24,Sat,2024-02-10,Fulham FC,AFC Bournemouth,3-1,2-0
24,Sat,2024-02-10,Liverpool FC,Burnley FC,3-1,1-1
24,Sat,2024-02-10,Luton Town FC,Sheffield United FC,1-3,0-2
24,Sat,2024-02-10,Tottenham Hotspur FC,Brighton & Hove Albion FC,2-1,0-1
24,Sat,2024-02-10,Wolverhampton Wanderers FC,Brentford FC,0-2,0-1
24,Sat,2024-02-10,Nottingham Forest FC,Newcastle United FC,2-3,2-2
24,Sun,2024-02-11,West Ham United FC,Arsenal FC,0-6,0-4
24,Sun,2024-02-11,Aston Villa FC,Manchester United FC,1-2,0-1
24,Mon,2024-02-12,Crystal Palace FC,Chelsea FC,1-3,1-0
25,Sat,2024-02-17,Brentford FC,Liverpool FC,1-4,0-1
25,Sat,2024-02-17,Burnley FC,Arsenal FC,0-5,0-2
25,Sat,2024-02-17,Fulham FC,Aston Villa FC,1-2,0-1
25,Sat,2024-02-17,Newcastle United FC,AFC Bournemouth,2-2,0-0
25,Sat,2024-02-17,Nottingham Forest FC,West Ham United FC,2-0,1-0
25,Sat,2024-02-17,Tottenham Hotspur FC,Wolverhampton Wanderers FC,1-2,0-1
25,Sat,2024-02-17,Manchester City FC,Chelsea FC,1-1,0-1
25,Sun,2024-02-18,Sheffield United FC,Brighton & Hove Albion FC,0-5,0-2
25,Sun,2024-02-18,Luton Town FC,Manchester United FC,1-2,1-2
25,Mon,2024-02-19,Everton FC,Crystal Palace FC,1-1,0-0
18,Tue,2024-02-20,Manchester City FC,Brentford FC,1-0,0-0
26,Wed,2024-02-21,Liverpool FC,Luton Town FC,4-1,0-1
26,Sat,2024-02-24,Aston Villa FC,Nottingham Forest FC,4-2,3-1
26,Sat,2024-02-24,Brighton & Hove Albion FC,Everton FC,1-1,0-0
26,Sat,2024-02-24,Crystal Palace FC,Burnley FC,3-0,0-0
26,Sat,2024-02-24,Manchester United FC,Fulham FC,1-2,0-0
26,Sat,2024-02-24,AFC Bournemouth,Manchester City FC,0-1,0-1
26,Sat,2024-02-24,Arsenal FC,Newcastle United FC,4-1,2-0
26,Sun,2024-02-25,Wolverhampton Wanderers FC,Sheffield United FC,1-0,1-0
26,Mon,2024-02-26,West Ham United FC,Brentford FC,4-2,2-1
27,Sat,2024-03-02,Brentford FC,Chelsea FC,2-2,0-1
27,Sat,2024-03-02,Everton FC,West Ham United FC,1-3,0-0
27,Sat,2024-03-02,Fulham FC,Brighton & Hove Albion FC,3-0,2-0
27,Sat,2024-03-02,Newcastle United FC,Wolverhampton Wanderers FC,3-0,2-0
27,Sat,2024-03-02,Nottingham Forest FC,Liverpool FC,0-1,0-0
27,Sat,2024-03-02,Tottenham Hotspur FC,Crystal Palace FC,3-1,0-0
27,Sat,2024-03-02,Luton Town FC,Aston Villa FC,2-3,0-2
27,Sun,2024-03-03,Burnley FC,AFC Bournemouth,0-2,0-1
27,Sun,2024-03-03,Manchester City FC,Manchester United FC,3-1,0-1
27,Mon,2024-03-04,Sheffield United FC,Arsenal FC,0-6,0-5
28,Sat,2024-03-09,Manchester United FC,Everton FC,2-0,2-0
28,Sat,2024-03-09,AFC Bournemouth,Sheffield United FC,2-2,0-1
28,Sat,2024-03-09,Crystal Palace FC,Luton Town FC,1-1,1-0
28,Sat,2024-03-09,Wolverhampton Wanderers FC,Fulham FC,2-1,0-0
28,Sat,2024-03-09,Arsenal FC,Brentford FC,2-1,1-1
28,Sun,2024-03-10,Aston Villa FC,Tottenham Hotspur FC,0-4,0-0
28,Sun,2024-03-10,Brighton & Hove Albion FC,Nottingham Forest FC,1-0,1-0
28,Sun,2024-03-10,West Ham United FC,Burnley FC,2-2,0-2
28,Sun,2024-03-10,Liverpool FC,Manchester City FC,1-1,0-1
28,Mon,2024-03-11,Chelsea FC,Newcastle United FC,3-2,1-1
17,Wed,2024-03-13,AFC Bournemouth,Luton Town FC,4-3,0-3
29,Sat,2024-03-16,Burnley FC,Brentford FC,2-1,1-0
29,Sat,2024-03-16,Luton Town FC,Nottingham Forest FC,1-1,0-1
29,Sat,2024-03-16,Fulham FC,Tottenham Hotspur FC,3-0,1-0
29,Sun,2024-03-17,West Ham United FC,Aston Villa FC,1-1,1-0
30,Sat,2024-03-30,Newcastle United FC,West Ham United FC,4-3,1-2
30,Sat,2024-03-30,AFC Bournemouth,Everton FC,2-1,0-0
30,Sat,2024-03-30,Chelsea FC,Burnley FC,2-2,1-0
30,Sat,2024-03-30,Nottingham Forest FC,Crystal Palace FC,1-1,0-1
30,Sat,2024-03-30,Sheffield United FC,Fulham FC,3-3,0-0
30,Sat,2024-03-30,Tottenham Hotspur FC,Luton Town FC,2-1,0-1
30,Sat,2024-03-30,Aston Villa FC,Wolverhampton Wanderers FC,2-0,1-0
30,Sat,2024-03-30,Brentford FC,Manchester United FC,1-1,0-0
30,Sun,2024-03-31,Liverpool FC,Brighton & Hove Albion FC,2-1,1-1
30,Sun,2024-03-31,Manchester City FC,Arsenal FC,0-0,
31,Tue,2024-04-02,Nottingham Forest FC,Fulham FC,3-1,3-0
31,Tue,2024-04-02,Newcastle United FC,Everton FC,1-1,1-0
31,Tue,2024-04-02,AFC Bournemouth,Crystal Palace FC,1-0,0-0
31,Tue,2024-04-02,Burnley FC,Wolverhampton Wanderers FC,1-1,1-1
31,Tue,2024-04-02,West Ham United FC,Tottenham Hotspur FC,1-1,1-1
31,Wed,2024-04-03,Arsenal FC,Luton Town FC,2-0,2-0
31,Wed,2024-04-03,Brentford FC,Brighton & Hove Albion FC,0-0,
31,Wed,2024-04-03,Manchester City FC,Aston Villa FC,4-1,2-1
31,Thu,2024-04-04,Liverpool FC,Sheffield United FC,3-1,1-0
31,Thu,2024-04-04,Chelsea FC,Manchester United FC,4-3,2-2
32,Sat,2024-04-06,Crystal Palace FC,Manchester City FC,2-4,1-1
32,Sat,2024-04-06,Aston Villa FC,Brentford FC,3-3,1-0
32,Sat,2024-04-06,Everton FC,Burnley FC,1-0,1-0
32,Sat,2024-04-06,Fulham FC,Newcastle United FC,0-1,0-0
32,Sat,2024-04-06,Luton Town FC,AFC Bournemouth,2-1,0-0
32,Sat,2024-04-06,Wolverhampton Wanderers FC,West Ham United FC,1-2,1-0
32,Sat,2024-04-06,Brighton & Hove Albion FC,Arsenal FC,0-3,0-1
32,Sun,2024-04-07,Manchester United FC,Liverpool FC,2-2,0-1
32,Sun,2024-04-07,Sheffield United FC,Chelsea FC,2-2,1-1
32,Sun,2024-04-07,Tottenham Hotspur FC,Nottingham Forest FC,3-1,1-1
33,Sat,2024-04-13,Newcastle United FC,Tottenham Hotspur FC,4-0,2-0
33,Sat,2024-04-13,Brentford FC,Sheffield United FC,2-0,0-0
33,Sat,2024-04-13,Burnley FC,Brighton & Hove Albion FC,1-1,0-0
33,Sat,2024-04-13,Manchester City FC,Luton Town FC,5-1,1-0
33,Sat,2024-04-13,Nottingham Forest FC,Wolverhampton Wanderers FC,2-2,1-1
33,Sat,2024-04-13,AFC Bournemouth,Manchester United FC,2-2,2-1
33,Sun,2024-04-14,Liverpool FC,Crystal Palace FC,0-1,0-1
33,Sun,2024-04-14,West Ham United FC,Fulham FC,0-2,0-1
33,Sun,2024-04-14,Arsenal FC,Aston Villa FC,0-2,0-0
33,Mon,2024-04-15,Chelsea FC,Everton FC,6-0,4-0
34,Sat,2024-04-20,Luton Town FC,Brentford FC,1-5,0-2
34,Sat,2024-04-20,Sheffield United FC,Burnley FC,1-4,0-2
34,Sat,2024-04-20,Wolverhampton Wanderers FC,Arsenal FC,0-2,0-1
34,Sun,2024-04-21,Everton FC,Nottingham Forest FC,2-0,1-0
34,Sun,2024-04-21,Aston Villa FC,AFC Bournemouth,3-1,1-1
34,Sun,2024-04-21,Crystal Palace FC,West Ham United FC,5-2,4-1
34,Sun,2024-04-21,Fulham FC,Liverpool FC,1-3,1-1
29,Tue,2024-04-23,Arsenal FC,Chelsea FC,5-0,1-0
29,Wed,2024-04-24,Wolverhampton Wanderers FC,AFC Bournemouth,0-1,0-1
29,Wed,2024-04-24,Crystal Palace FC,Newcastle United FC,2-0,0-0
29,Wed,2024-04-24,Everton FC,Liverpool FC,2-0,1-0
29,Wed,2024-04-24,Manchester United FC,Sheffield United FC,4-2,1-1
29,Thu,2024-04-25,Brighton & Hove Albion FC,Manchester City FC,0-4,0-3
35,Sat,2024-04-27,West Ham United FC,Liverpool FC,2-2,1-0
35,Sat,2024-04-27,Fulham FC,Crystal Palace FC,1-1,0-0
35,Sat,2024-04-27,Manchester United FC,Burnley FC,1-1,0-0
35,Sat,2024-04-27,Newcastle United FC,Sheffield United FC,5-1,1-1
35,Sat,2024-04-27,Wolverhampton Wanderers FC,Luton Town FC,2-1,1-0
35,Sat,2024-04-27,Everton FC,Brentford FC,1-0,0-0
35,Sat,2024-04-27,Aston Villa FC,Chelsea FC,2-2,2-0
35,Sun,2024-04-28,AFC Bournemouth,Brighton & Hove Albion FC,3-0,1-0
35,Sun,2024-04-28,Tottenham Hotspur FC,Arsenal FC,2-3,0-3
35,Sun,2024-04-28,Nottingham Forest FC,Manchester City FC,0-2,0-1
26,Thu,2024-05-02,Chelsea FC,Tottenham Hotspur FC,2-0,1-0
36,Fri,2024-05-03,Luton Town FC,Everton FC,1-1,1-1
36,Sat,2024-05-04,Arsenal FC,AFC Bournemouth,3-0,1-0
36,Sat,2024-05-04,Brentford FC,Fulham FC,0-0,
36,Sat,2024-05-04,Burnley FC,Newcastle United FC,1-4,0-3
36,Sat,2024-05-04,Sheffield United FC,Nottingham Forest FC,1-3,1-1
36,Sat,2024-05-04,Manchester City FC,Wolverhampton Wanderers FC,5-1,3-0
36,Sun,2024-05-05,Brighton & Hove Albion FC,Aston Villa FC,1-0,0-0
36,Sun,2024-05-05,Chelsea FC,West Ham United FC,5-0,3-0
36,Sun,2024-05-05,Liverpool FC,Tottenham Hotspur FC,4-2,2-0
36,Mon,2024-05-06,Crystal Palace FC,Manchester United FC,4-0,2-0
37,Sat,2024-05-11,Fulham FC,Manchester City FC,0-4,0-1
37,Sat,2024-05-11,AFC Bournemouth,Brentford FC,1-2,0-0
37,Sat,2024-05-11,Everton FC,Sheffield United FC,1-0,1-0
37,Sat,2024-05-11,Newcastle United FC,Brighton & Hove Albion FC,1-1,1-1
37,Sat,2024-05-11,Tottenham Hotspur FC,Burnley FC,2-1,1-1
37,Sat,2024-05-11,West Ham United FC,Luton Town FC,3-1,0-1
37,Sat,2024-05-11,Wolverhampton Wanderers FC,Crystal Palace FC,1-3,0-2
37,Sat,2024-05-11,Nottingham Forest FC,Chelsea FC,2-3,1-1
37,Sun,2024-05-12,Manchester United FC,Arsenal FC,0-1,0-1
37,Mon,2024-05-13,Aston Villa FC,Liverpool FC,3-3,1-2
34,Tue,2024-05-14,Tottenham Hotspur FC,Manchester City FC,0-2,0-0
34,Wed,2024-05-15,Brighton & Hove Albion FC,Chelsea FC,1-2,0-1
34,Wed,2024-05-15,Manchester United FC,Newcastle United FC,3-2,1-0
38,Sun,2024-05-19,Arsenal FC,Everton FC,2-1,1-1
38,Sun,2024-05-19,Brentford FC,Newcastle United FC,2-4,0-3
38,Sun,2024-05-19,Brighton & Hove Albion FC,Manchester United FC,0-2,0-0
38,Sun,2024-05-19,Burnley FC,Nottingham Forest FC,1-2,0-2
38,Sun,2024-05-19,Chelsea FC,AFC Bournemouth,2-1,1-0
38,Sun,2024-05-19,Crystal Palace FC,Aston Villa FC,5-0,2-0
38,Sun,2024-05-19,Liverpool FC,Wolverhampton Wanderers FC,2-0,2-0
38,Sun,2024-05-19,Luton Town FC,Fulham FC,2-4,1-2
38,Sun,2024-05-19,Manchester City FC,West Ham United FC,3-1,2-1
38,Sun,2024-05-19,Sheffield United FC,Tottenham Hotspur FC,0-3,0-1
