Matchday,Day,Date,Time,Home,Away,FullTime,HalfTime
1,Fri,Apr/4,19.00,Goiás GO,Amazonas FC AM,1-0,1-0
1,Fri,Apr/4,21.00,Paysandu PA,Athletico Paranaense,1-2,1-1
1,Fri,Apr/4,,Criciúma SC,Operário Ferroviário PR,1-2,1-1
1,Sat,Apr/5,16.00,Coritiba PR,Vila Nova GO,1-0,0-0
1,Sat,Apr/5,,CR Brasil AL,Chapecoense AF,1-0,1-0
1,Sat,Apr/5,18.30,América MG,Botafogo SP,1-0,0-0
1,Sun,Apr/6,19.00,Ferroviária SP,Remo PA,1-1,0-1
1,Sun,Apr/6,,Volta Redonda RJ,Cuiabá MT,0-1,0-1
1,Sun,Apr/6,20.00,Avaí SC,Grêmio Novorizontino SP,1-1,1-1
1,Mon,Apr/7,19.00,Atlético Goianiense,Athletic MG,4-2,1-1
2,Thu,Apr/10,19.00,Athletico Paranaense,Criciúma SC,2-1,1-0
2,Thu,Apr/10,21.30,Cuiabá MT,Avaí SC,2-2,1-0
2,Sat,Apr/12,16.00,Chapecoense AF,Coritiba PR,1-2,0-0
2,Sat,Apr/12,18.00,Vila Nova GO,Paysandu PA,1-0,1-0
2,Sat,Apr/12,19.00,Amazonas FC AM,Ferroviária SP,0-0,
2,Sat,Apr/12,,Grêmio Novorizontino SP,Volta Redonda RJ,1-0,0-0
2,Sat,Apr/12,20.00,Operário Ferroviário PR,Goiás GO,1-2,0-0
2,Sun,Apr/13,16.00,Remo PA,América MG,2-0,1-0
2,Sun,Apr/13,,Athletic MG,CR Brasil AL,1-2,1-0
2,Sun,Apr/13,19.00,Botafogo SP,Atlético Goianiense,1-1,1-0
3,Tue,Apr/15,19.00,Cuiabá MT,Athletico Paranaense,2-1,0-1
3,Wed,Apr/16,20.00,Paysandu PA,Chapecoense AF,0-2,0-2
3,Wed,Apr/16,,Avaí SC,Operário Ferroviário PR,1-0,1-0
3,Wed,Apr/16,21.00,Coritiba PR,Grêmio Novorizontino SP,0-0,
3,Thu,Apr/17,19.00,Goiás GO,Vila Nova GO,2-2,1-1
3,Thu,Apr/17,20.00,Criciúma SC,Athletic MG,4-0,3-0
3,Thu,Apr/17,,CR Brasil AL,Volta Redonda RJ,1-0,1-0
3,Thu,Apr/17,,Botafogo SP,Remo PA,2-2,1-1
3,Thu,Apr/17,21.00,Ferroviária SP,Atlético Goianiense,2-0,1-0
3,Thu,Apr/17,21.35,América MG,Amazonas FC AM,3-1,1-1
4,Sat,Apr/19,16.00,Operário Ferroviário PR,Paysandu PA,0-0,
4,Sun,Apr/20,16.00,Vila Nova GO,Botafogo SP,2-0,2-0
4,Sun,Apr/20,18.00,Chapecoense AF,Athletic MG,1-0,0-0
4,Sun,Apr/20,19.00,Athletico Paranaense,CR Brasil AL,2-0,1-0
4,Sun,Apr/20,20.00,América MG,Goiás GO,1-0,1-0
4,Mon,Apr/21,18.00,Amazonas FC AM,Avaí SC,0-2,0-2
4,Mon,Apr/21,19.00,Grêmio Novorizontino SP,Criciúma SC,1-1,0-1
4,Mon,Apr/21,21.30,Remo PA,Coritiba PR,1-0,1-0
4,Tue,Apr/22,19.30,Atlético Goianiense,Cuiabá MT,1-1,1-0
4,Tue,Apr/22,20.00,Volta Redonda RJ,Ferroviária SP,0-0,
5,Thu,Apr/24,21.35,Grêmio Novorizontino SP,Athletico Paranaense,2-1,1-0
5,Fri,Apr/25,19.00,Criciúma SC,Remo PA,1-1,0-0
5,Fri,Apr/25,21.00,Vila Nova GO,Chapecoense AF,1-0,0-0
5,Sat,Apr/26,16.00,Coritiba PR,Operário Ferroviário PR,2-0,2-0
5,Sat,Apr/26,20.00,Avaí SC,América MG,3-0,1-0
5,Sun,Apr/27,16.00,Athletic MG,Volta Redonda RJ,2-1,1-0
5,Sun,Apr/27,16.30,Amazonas FC AM,Atlético Goianiense,1-1,0-1
5,Sun,Apr/27,17.00,Paysandu PA,CR Brasil AL,1-1,1-1
5,Sun,Apr/27,19.00,Cuiabá MT,Ferroviária SP,1-0,0-0
5,Mon,Apr/28,19.30,Botafogo SP,Goiás GO,0-1,0-1
6,Fri,May/2,21.35,Ferroviária SP,Coritiba PR,2-1,0-1
6,Sat,May/3,16.00,Remo PA,Amazonas FC AM,1-0,1-0
6,Sat,May/3,20.30,Volta Redonda RJ,Paysandu PA,1-0,0-0
6,Sun,May/4,16.00,Atlético Goianiense,Grêmio Novorizontino SP,1-0,1-0
6,Sun,May/4,18.30,Athletico Paranaense,Botafogo SP,1-4,1-2
6,Sun,May/4,,Chapecoense AF,Criciúma SC,2-1,1-1
6,Sun,May/4,20.30,Operário Ferroviário PR,América MG,1-0,1-0
6,Mon,May/5,19.00,Goiás GO,Avaí SC,,
6,Tue,May/6,19.30,CR Brasil AL,Cuiabá MT,,
6,Tue,May/6,21.30,Athletic MG,Vila Nova GO,,
7,Thu,May/8,21.35,Athletico Paranaense,Chapecoense AF,,
7,Sat,May/10,16.00,Avaí SC,Atlético Goianiense,,
7,Sat,May/10,18.30,Goiás GO,Coritiba PR,,
7,Sun,May/11,16.00,Criciúma SC,Volta Redonda RJ,,
7,Sun,May/11,18.30,Cuiabá MT,Operário Ferroviário PR,,
7,Sun,May/11,,Grêmio Novorizontino SP,Ferroviária SP,,
7,Mon,May/12,19.00,Botafogo SP,Athletic MG,,
7,Mon,May/12,21.00,Amazonas FC AM,CR Brasil AL,,
7,Wed,May/14,19.00,Remo PA,Vila Nova GO,,
7,Wed,May/14,19.30,América MG,Paysandu PA,,
8,Thu,May/15,21.35,Ferroviária SP,Avaí SC,,
8,Fri,May/16,19.00,Chapecoense AF,Cuiabá MT,,
8,Sat,May/17,16.00,Operário Ferroviário PR,Botafogo SP,,
8,Sat,May/17,18.30,Vila Nova GO,Athletico Paranaense,,
8,Sat,May/17,20.30,Athletic MG,Grêmio Novorizontino SP,,
8,Sun,May/18,16.00,CR Brasil AL,Criciúma SC,,
8,Sun,May/18,18.30,Paysandu PA,Goiás GO,,
8,Sun,May/18,20.30,Atlético Goianiense,Remo PA,,
8,Mon,May/19,19.00,Volta Redonda RJ,Amazonas FC AM,,
8,Mon,May/19,21.35,Coritiba PR,América MG,,
9,Fri,May/23,21.35,Goiás GO,Ferroviária SP,,
9,Sat,May/24,16.00,Athletico Paranaense,Athletic MG,,
9,Sat,May/24,18.30,Avaí SC,Chapecoense AF,,
9,Sat,May/24,20.30,Remo PA,Volta Redonda RJ,,
9,Sun,May/25,18.30,Grêmio Novorizontino SP,Paysandu PA,,
9,Sun,May/25,20.30,Amazonas FC AM,Operário Ferroviário PR,,
9,Mon,May/26,19.00,Criciúma SC,Coritiba PR,,
9,Mon,May/26,20.00,Botafogo SP,CR Brasil AL,,
9,Mon,May/26,21.00,Cuiabá MT,Vila Nova GO,,
9,Tue,May/27,19.30,América MG,Atlético Goianiense,,
10,Thu,May/29,21.35,Ferroviária SP,Botafogo SP,,
10,Fri,May/30,19.00,Vila Nova GO,Grêmio Novorizontino SP,,
10,Sat,May/31,16.00,Coritiba PR,Avaí SC,,
10,Sat,May/31,18.30,Atlético Goianiense,Goiás GO,,
10,Sat,May/31,20.30,Athletic MG,Cuiabá MT,,
10,Sun,Jun/1,16.00,Operário Ferroviário PR,Athletico Paranaense,,
10,Sun,Jun/1,18.00,CR Brasil AL,Remo PA,,
10,Sun,Jun/1,20.30,Volta Redonda RJ,América MG,,
10,Mon,Jun/2,19.00,Chapecoense AF,Amazonas FC AM,,
10,Mon,Jun/2,21.00,Paysandu PA,Criciúma SC,,
11,Fri,Jun/6,19.00,Grêmio Novorizontino SP,Chapecoense AF,,
11,Fri,Jun/6,21.35,Cuiabá MT,Paysandu PA,,
11,Sat,Jun/7,16.00,América MG,Ferroviária SP,,
11,Sat,Jun/7,18.30,Botafogo SP,Coritiba PR,,
11,Sat,Jun/7,20.30,Avaí SC,CR Brasil AL,,
11,Sun,Jun/8,16.00,Goiás GO,Volta Redonda RJ,,
11,Sun,Jun/8,18.00,Athletico Paranaense,Atlético Goianiense,,
11,Sun,Jun/8,20.30,Remo PA,Operário Ferroviário PR,,
11,Mon,Jun/9,19.00,Criciúma SC,Vila Nova GO,,
11,Mon,Jun/9,21.00,Amazonas FC AM,Athletic MG,,
12,Wed,Jun/18,,Athletico Paranaense,Remo PA,,
12,Wed,Jun/18,,Vila Nova GO,América MG,,
12,Wed,Jun/18,,Atlético Goianiense,Coritiba PR,,
12,Wed,Jun/18,,Paysandu PA,Botafogo SP,,
12,Wed,Jun/18,,Chapecoense AF,Ferroviária SP,,
12,Wed,Jun/18,,Criciúma SC,Amazonas FC AM,,
12,Wed,Jun/18,,CR Brasil AL,Goiás GO,,
12,Wed,Jun/18,,Athletic MG,Operário Ferroviário PR,,
12,Wed,Jun/18,,Grêmio Novorizontino SP,Cuiabá MT,,
12,Wed,Jun/18,,Volta Redonda RJ,Avaí SC,,
13,Fri,Jun/20,,Coritiba PR,Cuiabá MT,,
13,Fri,Jun/20,,Goiás GO,Athletic MG,,
13,Fri,Jun/20,,Atlético Goianiense,Volta Redonda RJ,,
13,Fri,Jun/20,,Remo PA,Paysandu PA,,
13,Fri,Jun/20,,Avaí SC,Athletico Paranaense,,
13,Fri,Jun/20,,Operário Ferroviário PR,Grêmio Novorizontino SP,,
13,Fri,Jun/20,,Amazonas FC AM,Vila Nova GO,,
13,Fri,Jun/20,,América MG,Criciúma SC,,
13,Fri,Jun/20,,Ferroviária SP,CR Brasil AL,,
13,Fri,Jun/20,,Botafogo SP,Chapecoense AF,,
14,Fri,Jun/27,,Athletico Paranaense,Coritiba PR,,
14,Fri,Jun/27,,Vila Nova GO,Atlético Goianiense,,
14,Fri,Jun/27,,Cuiabá MT,Botafogo SP,,
14,Fri,Jun/27,,Paysandu PA,Ferroviária SP,,
14,Fri,Jun/27,,Chapecoense AF,Goiás GO,,
14,Fri,Jun/27,,Criciúma SC,Avaí SC,,
14,Fri,Jun/27,,CR Brasil AL,América MG,,
14,Fri,Jun/27,,Athletic MG,Remo PA,,
14,Fri,Jun/27,,Grêmio Novorizontino SP,Amazonas FC AM,,
14,Fri,Jun/27,,Volta Redonda RJ,Operário Ferroviário PR,,
15,Fri,Jul/4,,Coritiba PR,Volta Redonda RJ,,
15,Fri,Jul/4,,Goiás GO,Criciúma SC,,
15,Fri,Jul/4,,Atlético Goianiense,CR Brasil AL,,
15,Fri,Jul/4,,Remo PA,Cuiabá MT,,
15,Fri,Jul/4,,Avaí SC,Paysandu PA,,
15,Fri,Jul/4,,Operário Ferroviário PR,Chapecoense AF,,
15,Fri,Jul/4,,Amazonas FC AM,Athletico Paranaense,,
15,Fri,Jul/4,,América MG,Athletic MG,,
15,Fri,Jul/4,,Ferroviária SP,Vila Nova GO,,
15,Fri,Jul/4,,Botafogo SP,Grêmio Novorizontino SP,,
16,Fri,Jul/11,,Athletico Paranaense,Goiás GO,,
16,Fri,Jul/11,,Vila Nova GO,Operário Ferroviário PR,,
16,Fri,Jul/11,,Cuiabá MT,Amazonas FC AM,,
16,Fri,Jul/11,,Paysandu PA,Atlético Goianiense,,
16,Fri,Jul/11,,Chapecoense AF,Remo PA,,
16,Fri,Jul/11,,Criciúma SC,Ferroviária SP,,
16,Fri,Jul/11,,CR Brasil AL,Coritiba PR,,
16,Fri,Jul/11,,Athletic MG,Avaí SC,,
16,Fri,Jul/11,,Grêmio Novorizontino SP,América MG,,
16,Fri,Jul/11,,Botafogo SP,Volta Redonda RJ,,
17,Fri,Jul/18,,Coritiba PR,Paysandu PA,,
17,Fri,Jul/18,,Goiás GO,Cuiabá MT,,
17,Fri,Jul/18,,Atlético Goianiense,Criciúma SC,,
17,Fri,Jul/18,,Remo PA,Grêmio Novorizontino SP,,
17,Fri,Jul/18,,Avaí SC,Vila Nova GO,,
17,Fri,Jul/18,,Operário Ferroviário PR,CR Brasil AL,,
17,Fri,Jul/18,,Amazonas FC AM,Botafogo SP,,
17,Fri,Jul/18,,América MG,Chapecoense AF,,
17,Fri,Jul/18,,Ferroviária SP,Athletic MG,,
17,Fri,Jul/18,,Volta Redonda RJ,Athletico Paranaense,,
18,Tue,Jul/22,,Athletico Paranaense,Ferroviária SP,,
18,Tue,Jul/22,,Vila Nova GO,CR Brasil AL,,
18,Tue,Jul/22,,Cuiabá MT,América MG,,
18,Tue,Jul/22,,Remo PA,Avaí SC,,
18,Tue,Jul/22,,Chapecoense AF,Volta Redonda RJ,,
18,Tue,Jul/22,,Operário Ferroviário PR,Atlético Goianiense,,
18,Tue,Jul/22,,Amazonas FC AM,Paysandu PA,,
18,Tue,Jul/22,,Athletic MG,Coritiba PR,,
18,Tue,Jul/22,,Grêmio Novorizontino SP,Goiás GO,,
18,Tue,Jul/22,,Botafogo SP,Criciúma SC,,
19,Fri,Jul/25,,Coritiba PR,Amazonas FC AM,,
19,Fri,Jul/25,,Goiás GO,Remo PA,,
19,Fri,Jul/25,,Atlético Goianiense,Chapecoense AF,,
19,Fri,Jul/25,,Paysandu PA,Athletic MG,,
19,Fri,Jul/25,,Avaí SC,Botafogo SP,,
19,Fri,Jul/25,,Criciúma SC,Cuiabá MT,,
19,Fri,Jul/25,,CR Brasil AL,Grêmio Novorizontino SP,,
19,Fri,Jul/25,,América MG,Athletico Paranaense,,
19,Fri,Jul/25,,Ferroviária SP,Operário Ferroviário PR,,
19,Fri,Jul/25,,Volta Redonda RJ,Vila Nova GO,,
20,Fri,Aug/1,,Athletico Paranaense,Paysandu PA,,
20,Fri,Aug/1,,Vila Nova GO,Coritiba PR,,
20,Fri,Aug/1,,Cuiabá MT,Volta Redonda RJ,,
20,Fri,Aug/1,,Remo PA,Ferroviária SP,,
20,Fri,Aug/1,,Chapecoense AF,CR Brasil AL,,
20,Fri,Aug/1,,Operário Ferroviário PR,Criciúma SC,,
20,Fri,Aug/1,,Amazonas FC AM,Goiás GO,,
20,Fri,Aug/1,,Athletic MG,Atlético Goianiense,,
20,Fri,Aug/1,,Grêmio Novorizontino SP,Avaí SC,,
20,Fri,Aug/1,,Botafogo SP,América MG,,
21,Fri,Aug/8,,Coritiba PR,Chapecoense AF,,
21,Fri,Aug/8,,Goiás GO,Operário Ferroviário PR,,
21,Fri,Aug/8,,Atlético Goianiense,Botafogo SP,,
21,Fri,Aug/8,,Paysandu PA,Vila Nova GO,,
21,Fri,Aug/8,,Avaí SC,Cuiabá MT,,
21,Fri,Aug/8,,Criciúma SC,Athletico Paranaense,,
21,Fri,Aug/8,,CR Brasil AL,Athletic MG,,
21,Fri,Aug/8,,América MG,Remo PA,,
21,Fri,Aug/8,,Ferroviária SP,Amazonas FC AM,,
21,Fri,Aug/8,,Volta Redonda RJ,Grêmio Novorizontino SP,,
22,Fri,Aug/15,,Athletico Paranaense,Cuiabá MT,,
22,Fri,Aug/15,,Vila Nova GO,Goiás GO,,
22,Fri,Aug/15,,Atlético Goianiense,Ferroviária SP,,
22,Fri,Aug/15,,Remo PA,Botafogo SP,,
22,Fri,Aug/15,,Chapecoense AF,Paysandu PA,,
22,Fri,Aug/15,,Operário Ferroviário PR,Avaí SC,,
22,Fri,Aug/15,,Amazonas FC AM,América MG,,
22,Fri,Aug/15,,Athletic MG,Criciúma SC,,
22,Fri,Aug/15,,Grêmio Novorizontino SP,Coritiba PR,,
22,Fri,Aug/15,,Volta Redonda RJ,CR Brasil AL,,
23,Fri,Aug/22,,Coritiba PR,Remo PA,,
23,Fri,Aug/22,,Goiás GO,América MG,,
23,Fri,Aug/22,,Cuiabá MT,Atlético Goianiense,,
23,Fri,Aug/22,,Paysandu PA,Operário Ferroviário PR,,
23,Fri,Aug/22,,Avaí SC,Amazonas FC AM,,
23,Fri,Aug/22,,Criciúma SC,Grêmio Novorizontino SP,,
23,Fri,Aug/22,,CR Brasil AL,Athletico Paranaense,,
23,Fri,Aug/22,,Athletic MG,Chapecoense AF,,
23,Fri,Aug/22,,Ferroviária SP,Volta Redonda RJ,,
23,Fri,Aug/22,,Botafogo SP,Vila Nova GO,,
24,Fri,Aug/29,,Athletico Paranaense,Grêmio Novorizontino SP,,
24,Fri,Aug/29,,Goiás GO,Botafogo SP,,
24,Fri,Aug/29,,Atlético Goianiense,Amazonas FC AM,,
24,Fri,Aug/29,,Remo PA,Criciúma SC,,
24,Fri,Aug/29,,Chapecoense AF,Vila Nova GO,,
24,Fri,Aug/29,,Operário Ferroviário PR,Coritiba PR,,
24,Fri,Aug/29,,CR Brasil AL,Paysandu PA,,
24,Fri,Aug/29,,América MG,Avaí SC,,
24,Fri,Aug/29,,Ferroviária SP,Cuiabá MT,,
24,Fri,Aug/29,,Volta Redonda RJ,Athletic MG,,
25,Fri,Sep/12,,Coritiba PR,Ferroviária SP,,
25,Fri,Sep/12,,Vila Nova GO,Athletic MG,,
25,Fri,Sep/12,,Cuiabá MT,CR Brasil AL,,
25,Fri,Sep/12,,Paysandu PA,Volta Redonda RJ,,
25,Fri,Sep/12,,Avaí SC,Goiás GO,,
25,Fri,Sep/12,,Criciúma SC,Chapecoense AF,,
25,Fri,Sep/12,,Amazonas FC AM,Remo PA,,
25,Fri,Sep/12,,América MG,Operário Ferroviário PR,,
25,Fri,Sep/12,,Grêmio Novorizontino SP,Atlético Goianiense,,
25,Fri,Sep/12,,Botafogo SP,Athletico Paranaense,,
26,Fri,Sep/19,,Coritiba PR,Goiás GO,,
26,Fri,Sep/19,,Vila Nova GO,Remo PA,,
26,Fri,Sep/19,,Atlético Goianiense,Avaí SC,,
26,Fri,Sep/19,,Paysandu PA,América MG,,
26,Fri,Sep/19,,Chapecoense AF,Athletico Paranaense,,
26,Fri,Sep/19,,Operário Ferroviário PR,Cuiabá MT,,
26,Fri,Sep/19,,CR Brasil AL,Amazonas FC AM,,
26,Fri,Sep/19,,Athletic MG,Botafogo SP,,
26,Fri,Sep/19,,Ferroviária SP,Grêmio Novorizontino SP,,
26,Fri,Sep/19,,Volta Redonda RJ,Criciúma SC,,
27,Tue,Sep/23,,Athletico Paranaense,Vila Nova GO,,
27,Tue,Sep/23,,Goiás GO,Paysandu PA,,
27,Tue,Sep/23,,Cuiabá MT,Chapecoense AF,,
27,Tue,Sep/23,,Remo PA,Atlético Goianiense,,
27,Tue,Sep/23,,Avaí SC,Ferroviária SP,,
27,Tue,Sep/23,,Criciúma SC,CR Brasil AL,,
27,Tue,Sep/23,,Amazonas FC AM,Volta Redonda RJ,,
27,Tue,Sep/23,,América MG,Coritiba PR,,
27,Tue,Sep/23,,Grêmio Novorizontino SP,Athletic MG,,
27,Tue,Sep/23,,Botafogo SP,Operário Ferroviário PR,,
28,Fri,Sep/26,,Coritiba PR,Criciúma SC,,
28,Fri,Sep/26,,Vila Nova GO,Cuiabá MT,,
28,Fri,Sep/26,,Atlético Goianiense,América MG,,
28,Fri,Sep/26,,Paysandu PA,Grêmio Novorizontino SP,,
28,Fri,Sep/26,,Chapecoense AF,Avaí SC,,
28,Fri,Sep/26,,Operário Ferroviário PR,Amazonas FC AM,,
28,Fri,Sep/26,,CR Brasil AL,Botafogo SP,,
28,Fri,Sep/26,,Athletic MG,Athletico Paranaense,,
28,Fri,Sep/26,,Ferroviária SP,Goiás GO,,
28,Fri,Sep/26,,Volta Redonda RJ,Remo PA,,
29,Fri,Oct/3,,Athletico Paranaense,Operário Ferroviário PR,,
29,Fri,Oct/3,,Goiás GO,Atlético Goianiense,,
29,Fri,Oct/3,,Cuiabá MT,Athletic MG,,
29,Fri,Oct/3,,Remo PA,CR Brasil AL,,
29,Fri,Oct/3,,Avaí SC,Coritiba PR,,
29,Fri,Oct/3,,Criciúma SC,Paysandu PA,,
29,Fri,Oct/3,,Amazonas FC AM,Chapecoense AF,,
29,Fri,Oct/3,,América MG,Volta Redonda RJ,,
29,Fri,Oct/3,,Grêmio Novorizontino SP,Vila Nova GO,,
29,Fri,Oct/3,,Botafogo SP,Ferroviária SP,,
30,Tue,Oct/7,,Coritiba PR,Botafogo SP,,
30,Tue,Oct/7,,Vila Nova GO,Criciúma SC,,
30,Tue,Oct/7,,Atlético Goianiense,Athletico Paranaense,,
30,Tue,Oct/7,,Paysandu PA,Cuiabá MT,,
30,Tue,Oct/7,,Chapecoense AF,Grêmio Novorizontino SP,,
30,Tue,Oct/7,,Operário Ferroviário PR,Remo PA,,
30,Tue,Oct/7,,CR Brasil AL,Avaí SC,,
30,Tue,Oct/7,,Athletic MG,Amazonas FC AM,,
30,Tue,Oct/7,,Ferroviária SP,América MG,,
30,Tue,Oct/7,,Volta Redonda RJ,Goiás GO,,
31,Fri,Oct/10,,Coritiba PR,Atlético Goianiense,,
31,Fri,Oct/10,,Goiás GO,CR Brasil AL,,
31,Fri,Oct/10,,Cuiabá MT,Grêmio Novorizontino SP,,
31,Fri,Oct/10,,Remo PA,Athletico Paranaense,,
31,Fri,Oct/10,,Avaí SC,Volta Redonda RJ,,
31,Fri,Oct/10,,Operário Ferroviário PR,Athletic MG,,
31,Fri,Oct/10,,Amazonas FC AM,Criciúma SC,,
31,Fri,Oct/10,,América MG,Vila Nova GO,,
31,Fri,Oct/10,,Ferroviária SP,Chapecoense AF,,
31,Fri,Oct/10,,Botafogo SP,Paysandu PA,,
32,Fri,Oct/17,,Athletico Paranaense,Avaí SC,,
32,Fri,Oct/17,,Vila Nova GO,Amazonas FC AM,,
32,Fri,Oct/17,,Cuiabá MT,Coritiba PR,,
32,Fri,Oct/17,,Paysandu PA,Remo PA,,
32,Fri,Oct/17,,Chapecoense AF,Botafogo SP,,
32,Fri,Oct/17,,Criciúma SC,América MG,,
32,Fri,Oct/17,,CR Brasil AL,Ferroviária SP,,
32,Fri,Oct/17,,Athletic MG,Goiás GO,,
32,Fri,Oct/17,,Grêmio Novorizontino SP,Operário Ferroviário PR,,
32,Fri,Oct/17,,Volta Redonda RJ,Atlético Goianiense,,
33,Fri,Oct/24,,Coritiba PR,Athletico Paranaense,,
33,Fri,Oct/24,,Goiás GO,Chapecoense AF,,
33,Fri,Oct/24,,Atlético Goianiense,Vila Nova GO,,
33,Fri,Oct/24,,Remo PA,Athletic MG,,
33,Fri,Oct/24,,Avaí SC,Criciúma SC,,
33,Fri,Oct/24,,Operário Ferroviário PR,Volta Redonda RJ,,
33,Fri,Oct/24,,Amazonas FC AM,Grêmio Novorizontino SP,,
33,Fri,Oct/24,,América MG,CR Brasil AL,,
33,Fri,Oct/24,,Ferroviária SP,Paysandu PA,,
33,Fri,Oct/24,,Botafogo SP,Cuiabá MT,,
34,Fri,Oct/31,,Athletico Paranaense,Amazonas FC AM,,
34,Fri,Oct/31,,Vila Nova GO,Ferroviária SP,,
34,Fri,Oct/31,,Cuiabá MT,Remo PA,,
34,Fri,Oct/31,,Paysandu PA,Avaí SC,,
34,Fri,Oct/31,,Chapecoense AF,Operário Ferroviário PR,,
34,Fri,Oct/31,,Criciúma SC,Goiás GO,,
34,Fri,Oct/31,,CR Brasil AL,Atlético Goianiense,,
34,Fri,Oct/31,,Athletic MG,América MG,,
34,Fri,Oct/31,,Grêmio Novorizontino SP,Botafogo SP,,
34,Fri,Oct/31,,Volta Redonda RJ,Coritiba PR,,
35,Tue,Nov/4,,Coritiba PR,CR Brasil AL,,
35,Tue,Nov/4,,Goiás GO,Athletico Paranaense,,
35,Tue,Nov/4,,Atlético Goianiense,Paysandu PA,,
35,Tue,Nov/4,,Remo PA,Chapecoense AF,,
35,Tue,Nov/4,,Avaí SC,Athletic MG,,
35,Tue,Nov/4,,Operário Ferroviário PR,Vila Nova GO,,
35,Tue,Nov/4,,Amazonas FC AM,Cuiabá MT,,
35,Tue,Nov/4,,América MG,Grêmio Novorizontino SP,,
35,Tue,Nov/4,,Ferroviária SP,Criciúma SC,,
35,Tue,Nov/4,,Volta Redonda RJ,Botafogo SP,,
36,Fri,Nov/7,,Athletico Paranaense,Volta Redonda RJ,,
36,Fri,Nov/7,,Vila Nova GO,Avaí SC,,
36,Fri,Nov/7,,Cuiabá MT,Goiás GO,,
36,Fri,Nov/7,,Paysandu PA,Coritiba PR,,
36,Fri,Nov/7,,Chapecoense AF,América MG,,
36,Fri,Nov/7,,Criciúma SC,Atlético Goianiense,,
36,Fri,Nov/7,,CR Brasil AL,Operário Ferroviário PR,,
36,Fri,Nov/7,,Athletic MG,Ferroviária SP,,
36,Fri,Nov/7,,Grêmio Novorizontino SP,Remo PA,,
36,Fri,Nov/7,,Botafogo SP,Amazonas FC AM,,
37,Fri,Nov/14,,Coritiba PR,Athletic MG,,
37,Fri,Nov/14,,Goiás GO,Grêmio Novorizontino SP,,
37,Fri,Nov/14,,Atlético Goianiense,Operário Ferroviário PR,,
37,Fri,Nov/14,,Paysandu PA,Amazonas FC AM,,
37,Fri,Nov/14,,Avaí SC,Remo PA,,
37,Fri,Nov/14,,Criciúma SC,Botafogo SP,,
37,Fri,Nov/14,,CR Brasil AL,Vila Nova GO,,
37,Fri,Nov/14,,América MG,Cuiabá MT,,
37,Fri,Nov/14,,Ferroviária SP,Athletico Paranaense,,
37,Fri,Nov/14,,Volta Redonda RJ,Chapecoense AF,,
38,Sat,Nov/22,,Athletico Paranaense,América MG,,
38,Sat,Nov/22,,Vila Nova GO,Volta Redonda RJ,,
38,Sat,Nov/22,,Cuiabá MT,Criciúma SC,,
38,Sat,Nov/22,,Remo PA,Goiás GO,,
38,Sat,Nov/22,,Chapecoense AF,Atlético Goianiense,,
38,Sat,Nov/22,,Operário Ferroviário PR,Ferroviária SP,,
38,Sat,Nov/22,,Amazonas FC AM,Coritiba PR,,
38,Sat,Nov/22,,Athletic MG,Paysandu PA,,
38,Sat,Nov/22,,Grêmio Novorizontino SP,CR Brasil AL,,
38,Sat,Nov/22,,Botafogo SP,Avaí SC,,
