Matchday,Day,Date,Home,Away,FullTime,HalfTime
1,Fri,2023-04-14,Guarani SP,Avaí,4-1,1-0
1,Fri,2023-04-14,Ituano SP,Ceará,2-0,1-0
1,Sat,2023-04-15,Vila Nova,Grêmio Novorizontino,2-1,2-0
1,Sat,2023-04-15,Mirassol,Chapecoense,1-0,0-0
1,Sat,2023-04-15,Sampaio Corrêa MA,Atlético-GO,3-3,1-2
1,Sat,2023-04-15,Juventude-RS,Botafogo-SP,1-2,0-1
1,Sun,2023-04-16,Criciúma,Tombense MG,2-0,1-0
1,Sun,2023-04-16,Londrina PR,ABC RN,1-0,0-0
1,Sun,2023-04-16,Vitória,Ponte Preta,3-0,2-0
1,Wed,2023-07-05,CRB,Sport Recife,2-0,1-0
2,Fri,2023-04-21,Atlético-GO,CRB,2-1,2-0
2,Fri,2023-04-21,Botafogo-SP,Sampaio Corrêa MA,1-0,1-0
2,Fri,2023-04-21,Ponte Preta,Criciúma,1-2,1-2
2,Sat,2023-04-22,Tombense MG,Ituano SP,3-0,1-0
2,Sat,2023-04-22,Avaí,Mirassol,1-0,0-0
2,Sat,2023-04-22,Grêmio Novorizontino,Juventude-RS,1-0,1-0
2,Sat,2023-04-22,Ceará,Guarani SP,0-3,0-2
2,Sun,2023-04-23,Chapecoense,Londrina PR,3-0,0-0
2,Sun,2023-04-23,ABC RN,Vitória,0-3,0-0
2,Sun,2023-06-18,Sport Recife,Vila Nova,1-0,1-0
3,Fri,2023-04-28,Criciúma,Avaí,1-0,1-0
3,Fri,2023-04-28,Vitória,Londrina PR,2-0,2-0
3,Fri,2023-04-28,Guarani SP,Ituano SP,1-0,1-0
3,Sat,2023-04-29,Sampaio Corrêa MA,Mirassol,1-3,0-1
3,Sat,2023-04-29,Botafogo-SP,CRB,2-0,1-0
3,Sat,2023-04-29,Chapecoense,Ponte Preta,1-1,0-1
3,Sat,2023-04-29,Tombense MG,Atlético-GO,1-1,0-1
3,Sun,2023-04-30,Grêmio Novorizontino,Sport Recife,0-0,
3,Sun,2023-04-30,ABC RN,Ceará,1-2,1-2
3,Sun,2023-04-30,Vila Nova,Juventude-RS,1-0,1-0
4,Mon,2023-05-01,Londrina PR,Criciúma,1-1,1-1
4,Tue,2023-05-02,CRB,Sampaio Corrêa MA,0-0,
4,Tue,2023-05-02,Ponte Preta,Botafogo-SP,2-0,0-0
4,Tue,2023-05-02,Atlético-GO,Chapecoense,2-1,1-0
4,Wed,2023-05-03,Ituano SP,ABC RN,3-0,2-0
4,Wed,2023-05-03,Juventude-RS,Guarani SP,1-0,1-0
4,Wed,2023-05-03,Mirassol,Grêmio Novorizontino,0-2,0-1
4,Wed,2023-05-03,Avaí,Vila Nova,0-3,0-2
4,Wed,2023-05-10,Ceará,Vitória,0-2,0-0
4,Wed,2023-05-10,Sport Recife,Tombense MG,3-2,2-1
5,Fri,2023-05-05,Botafogo-SP,Vitória,0-3,0-1
5,Sat,2023-05-06,Criciúma,Ituano SP,2-1,0-0
5,Sat,2023-05-06,Mirassol,Vila Nova,1-1,1-1
5,Sat,2023-05-06,Sampaio Corrêa MA,Juventude-RS,2-1,0-1
5,Sat,2023-05-06,Tombense MG,Avaí,0-1,0-1
5,Sat,2023-05-06,Chapecoense,Grêmio Novorizontino,1-1,1-1
5,Sat,2023-05-06,CRB,ABC RN,1-1,0-0
5,Sun,2023-05-07,Ponte Preta,Ceará,0-0,
5,Sun,2023-05-07,Sport Recife,Guarani SP,2-0,2-0
5,Mon,2023-05-08,Atlético-GO,Londrina PR,2-1,1-0
6,Fri,2023-05-12,Vila Nova,Criciúma,0-0,
6,Fri,2023-05-12,Avaí,Chapecoense,1-4,0-1
6,Sat,2023-05-13,Juventude-RS,Mirassol,0-1,0-0
6,Sat,2023-05-13,Guarani SP,Sampaio Corrêa MA,2-0,2-0
6,Sat,2023-05-13,Grêmio Novorizontino,CRB,0-1,0-0
6,Sat,2023-05-13,Ceará,Tombense MG,2-0,1-0
6,Sun,2023-05-14,Londrina PR,Ponte Preta,3-0,0-0
6,Sun,2023-05-14,ABC RN,Botafogo-SP,1-2,1-2
6,Sun,2023-05-14,Vitória,Atlético-GO,2-3,0-2
6,Sun,2023-05-14,Ituano SP,Sport Recife,1-1,1-1
7,Fri,2023-05-19,Mirassol,Vitória,2-0,1-0
7,Fri,2023-05-19,Tombense MG,Londrina PR,0-2,0-0
7,Fri,2023-05-19,Atlético-GO,Avaí,0-0,
7,Sat,2023-05-20,Sport Recife,Botafogo-SP,3-0,1-0
7,Sat,2023-05-20,Ituano SP,Grêmio Novorizontino,0-2,0-0
7,Sat,2023-05-20,Sampaio Corrêa MA,ABC RN,1-0,1-0
7,Sun,2023-05-21,Chapecoense,Juventude-RS,0-2,0-1
7,Sun,2023-05-21,Criciúma,Ceará,1-2,1-2
7,Sun,2023-05-21,Ponte Preta,Guarani SP,1-1,0-0
7,Sun,2023-05-21,CRB,Vila Nova,0-3,0-2
8,Tue,2023-05-23,Botafogo-SP,Mirassol,1-0,0-0
8,Tue,2023-05-23,ABC RN,Tombense MG,1-0,0-0
8,Tue,2023-05-23,Grêmio Novorizontino,Avaí,2-0,0-0
8,Wed,2023-05-24,Juventude-RS,Atlético-GO,3-0,2-0
8,Wed,2023-05-24,Londrina PR,Ceará,1-3,0-3
8,Wed,2023-05-24,Vila Nova,Ituano SP,1-0,1-0
8,Wed,2023-05-24,Vitória,CRB,1-0,0-0
8,Wed,2023-05-24,Guarani SP,Chapecoense,3-3,3-1
8,Wed,2023-05-24,Criciúma,Sport Recife,1-0,1-0
8,Wed,2023-05-24,Sampaio Corrêa MA,Ponte Preta,0-0,
9,Sat,2023-05-27,CRB,Juventude-RS,1-2,0-2
9,Sat,2023-05-27,Ituano SP,Londrina PR,3-1,2-1
9,Sat,2023-05-27,Avaí,Vitória,1-1,0-1
9,Sat,2023-05-27,Atlético-GO,Botafogo-SP,1-1,0-0
9,Sun,2023-05-28,Ponte Preta,Vila Nova,1-0,1-0
9,Sun,2023-05-28,Ceará,Grêmio Novorizontino,0-3,0-1
9,Sun,2023-05-28,Mirassol,Criciúma,1-0,0-0
9,Sun,2023-05-28,Sport Recife,ABC RN,4-1,1-1
9,Sun,2023-05-28,Tombense MG,Guarani SP,1-1,0-1
9,Mon,2023-05-29,Chapecoense,Sampaio Corrêa MA,0-1,0-1
10,Fri,2023-06-02,Botafogo-SP,Tombense MG,0-0,
10,Fri,2023-06-02,Ceará,Chapecoense,2-0,1-0
10,Fri,2023-06-02,Criciúma,Atlético-GO,3-0,0-0
10,Fri,2023-06-02,Vitória,Ituano SP,3-0,2-0
10,Sat,2023-06-03,Juventude-RS,Avaí,3-2,2-1
10,Sat,2023-06-03,ABC RN,Grêmio Novorizontino,0-1,0-0
10,Sat,2023-06-03,Mirassol,Ponte Preta,1-0,0-0
10,Sat,2023-06-03,Vila Nova,Sampaio Corrêa MA,3-0,1-0
10,Sun,2023-06-04,Guarani SP,CRB,0-1,0-1
10,Sun,2023-06-04,Londrina PR,Sport Recife,1-2,1-0
11,Tue,2023-06-06,Chapecoense,Vila Nova,0-1,0-0
11,Tue,2023-06-06,Ponte Preta,ABC RN,0-0,
11,Tue,2023-06-06,Tombense MG,Vitória,1-2,0-1
11,Tue,2023-06-06,Atlético-GO,Ceará,0-3,0-1
11,Tue,2023-06-06,Botafogo-SP,Ituano SP,0-2,0-0
11,Wed,2023-06-07,Grêmio Novorizontino,Guarani SP,1-0,0-0
11,Wed,2023-06-07,Sampaio Corrêa MA,Londrina PR,2-0,1-0
11,Wed,2023-06-07,Sport Recife,Avaí,2-1,1-0
11,Wed,2023-06-07,CRB,Mirassol,2-0,1-0
11,Thu,2023-06-08,Criciúma,Juventude-RS,0-1,0-0
12,Fri,2023-06-09,ABC RN,Chapecoense,1-1,0-0
12,Sat,2023-06-10,Vila Nova,Guarani SP,0-0,
12,Sat,2023-06-10,Ituano SP,Atlético-GO,1-1,0-0
12,Sat,2023-06-10,Grêmio Novorizontino,Sampaio Corrêa MA,1-0,1-0
12,Sat,2023-06-10,Ceará,CRB,1-3,1-1
12,Sun,2023-06-11,Londrina PR,Mirassol,1-2,1-0
12,Sun,2023-06-11,Ponte Preta,Sport Recife,1-1,1-1
12,Sun,2023-06-11,Avaí,Botafogo-SP,1-1,1-0
12,Sun,2023-06-11,Vitória,Criciúma,0-1,0-1
12,Sun,2023-06-11,Juventude-RS,Tombense MG,1-2,0-0
13,Wed,2023-06-21,CRB,Ituano SP,2-2,2-1
13,Thu,2023-06-22,Sport Recife,Juventude-RS,3-0,2-0
13,Fri,2023-06-23,Atlético-GO,Ponte Preta,1-0,1-0
13,Sat,2023-06-24,Botafogo-SP,Vila Nova,0-3,0-2
13,Sat,2023-06-24,Avaí,Londrina PR,0-0,
13,Sat,2023-06-24,Chapecoense,Criciúma,1-1,0-1
13,Sat,2023-06-24,Tombense MG,Grêmio Novorizontino,1-2,0-0
13,Sun,2023-06-25,Mirassol,ABC RN,3-2,1-1
13,Sun,2023-06-25,Sampaio Corrêa MA,Ceará,1-1,1-1
13,Sun,2023-06-25,Guarani SP,Vitória,2-0,1-0
14,Tue,2023-06-27,Chapecoense,Sport Recife,1-1,0-1
14,Tue,2023-06-27,Criciúma,CRB,2-1,2-0
14,Tue,2023-06-27,Grêmio Novorizontino,Botafogo-SP,0-1,0-1
14,Tue,2023-06-27,Vila Nova,Tombense MG,1-0,0-0
14,Wed,2023-06-28,ABC RN,Atlético-GO,1-1,0-0
14,Wed,2023-06-28,Ceará,Avaí,0-0,
14,Wed,2023-06-28,Guarani SP,Mirassol,2-1,1-0
14,Wed,2023-06-28,Ituano SP,Ponte Preta,0-1,0-0
14,Wed,2023-06-28,Londrina PR,Juventude-RS,1-2,1-0
14,Wed,2023-06-28,Vitória,Sampaio Corrêa MA,2-1,0-1
15,Fri,2023-06-30,Tombense MG,Chapecoense,4-2,1-0
15,Sat,2023-07-01,Atlético-GO,Vila Nova,1-1,0-0
15,Sat,2023-07-01,Avaí,ABC RN,0-2,0-1
15,Sat,2023-07-01,Sampaio Corrêa MA,Criciúma,0-2,0-1
15,Sat,2023-07-01,CRB,Londrina PR,2-1,2-0
15,Sun,2023-07-02,Juventude-RS,Vitória,1-0,0-0
15,Sun,2023-07-02,Sport Recife,Ceará,2-0,2-0
15,Sun,2023-07-02,Ponte Preta,Grêmio Novorizontino,1-0,0-0
15,Mon,2023-07-03,Mirassol,Ituano SP,0-1,0-0
15,Mon,2023-07-03,Botafogo-SP,Guarani SP,1-0,0-0
16,Fri,2023-07-07,Grêmio Novorizontino,Atlético-GO,2-2,1-0
16,Fri,2023-07-07,Ceará,Botafogo-SP,3-0,1-0
16,Sat,2023-07-08,Guarani SP,Londrina PR,2-1,1-1
16,Sat,2023-07-08,ABC RN,Criciúma,0-1,0-1
16,Sat,2023-07-08,Avaí,Ponte Preta,0-1,0-1
16,Sat,2023-07-08,Ituano SP,Juventude-RS,1-1,0-0
16,Sat,2023-07-08,Tombense MG,Sampaio Corrêa MA,0-1,0-0
16,Sun,2023-07-09,Chapecoense,CRB,2-1,0-0
16,Sun,2023-07-09,Sport Recife,Mirassol,0-0,
16,Mon,2023-07-10,Vila Nova,Vitória,1-0,1-0
17,Thu,2023-07-13,Criciúma,Guarani SP,1-1,0-1
17,Fri,2023-07-14,Atlético-GO,Sport Recife,3-1,3-1
17,Fri,2023-07-14,Sampaio Corrêa MA,Ituano SP,0-0,
17,Sat,2023-07-15,Juventude-RS,ABC RN,1-1,0-1
17,Sat,2023-07-15,Londrina PR,Vila Nova,1-0,1-0
17,Sat,2023-07-15,Ponte Preta,Tombense MG,0-1,0-0
17,Sun,2023-07-16,Mirassol,Ceará,1-1,1-1
17,Sun,2023-07-16,Vitória,Grêmio Novorizontino,2-1,2-0
17,Wed,2023-08-23,CRB,Avaí,1-1,1-0
17,Wed,2023-08-23,Botafogo-SP,Chapecoense,1-2,0-2
18,Mon,2023-07-17,Botafogo-SP,Criciúma,1-0,0-0
18,Tue,2023-07-18,Tombense MG,CRB,2-1,0-0
18,Tue,2023-07-18,Chapecoense,Ituano SP,1-0,0-0
18,Tue,2023-07-18,Ponte Preta,Juventude-RS,0-0,
18,Wed,2023-07-19,Atlético-GO,Mirassol,2-2,0-1
18,Wed,2023-07-19,Grêmio Novorizontino,Londrina PR,3-0,3-0
18,Wed,2023-07-19,ABC RN,Guarani SP,0-1,0-0
18,Wed,2023-07-19,Avaí,Sampaio Corrêa MA,2-0,1-0
18,Wed,2023-07-19,Ceará,Vila Nova,1-0,0-0
18,Wed,2023-07-19,Sport Recife,Vitória,1-2,0-1
19,Fri,2023-07-21,CRB,Ponte Preta,1-0,1-0
19,Sat,2023-07-22,Mirassol,Tombense MG,2-0,2-0
19,Sat,2023-07-22,Criciúma,Grêmio Novorizontino,0-1,0-0
19,Sat,2023-07-22,Vila Nova,ABC RN,1-1,0-0
19,Sat,2023-07-22,Ituano SP,Avaí,0-1,0-1
19,Sun,2023-07-23,Guarani SP,Atlético-GO,1-0,1-0
19,Sun,2023-07-23,Juventude-RS,Ceará,1-0,0-0
19,Sun,2023-07-23,Sampaio Corrêa MA,Sport Recife,1-2,1-1
19,Mon,2023-07-24,Londrina PR,Botafogo-SP,1-2,1-1
19,Mon,2023-07-24,Vitória,Chapecoense,1-0,0-0
20,Fri,2023-07-28,Ceará,Ituano SP,1-1,1-0
20,Fri,2023-07-28,Sport Recife,CRB,2-0,0-0
20,Sat,2023-07-29,Chapecoense,Mirassol,0-1,0-0
20,Sat,2023-07-29,Botafogo-SP,Juventude-RS,0-2,0-1
20,Sat,2023-07-29,ABC RN,Londrina PR,0-0,
20,Sat,2023-07-29,Avaí,Guarani SP,1-2,1-1
20,Sat,2023-07-29,Atlético-GO,Sampaio Corrêa MA,2-2,0-2
20,Sun,2023-07-30,Tombense MG,Criciúma,2-2,0-1
20,Sun,2023-07-30,Grêmio Novorizontino,Vila Nova,3-1,2-0
20,Sun,2023-07-30,Ponte Preta,Vitória,2-2,2-0
21,Tue,2023-08-01,Mirassol,Avaí,2-2,0-0
21,Tue,2023-08-01,Sampaio Corrêa MA,Botafogo-SP,0-0,
21,Tue,2023-08-01,CRB,Atlético-GO,2-1,1-0
21,Wed,2023-08-02,Criciúma,Ponte Preta,2-1,2-1
21,Wed,2023-08-02,Ituano SP,Tombense MG,1-0,1-0
21,Wed,2023-08-02,Guarani SP,Ceará,0-0,
21,Wed,2023-08-02,Juventude-RS,Grêmio Novorizontino,1-0,1-0
21,Wed,2023-08-02,Londrina PR,Chapecoense,1-1,1-0
21,Wed,2023-08-02,Vila Nova,Sport Recife,0-1,0-0
21,Wed,2023-08-02,Vitória,ABC RN,2-0,0-0
22,Fri,2023-08-04,Mirassol,Sampaio Corrêa MA,0-0,
22,Sat,2023-08-05,Avaí,Criciúma,1-0,1-0
22,Sat,2023-08-05,CRB,Botafogo-SP,0-0,
22,Sat,2023-08-05,Ituano SP,Guarani SP,1-1,0-1
22,Sat,2023-08-05,Sport Recife,Grêmio Novorizontino,1-0,0-0
22,Sun,2023-08-06,Ponte Preta,Chapecoense,1-0,0-0
22,Sun,2023-08-06,Ceará,ABC RN,1-0,1-0
22,Mon,2023-08-07,Juventude-RS,Vila Nova,0-2,0-0
22,Mon,2023-08-07,Atlético-GO,Tombense MG,3-2,0-2
22,Mon,2023-08-07,Londrina PR,Vitória,2-0,0-0
23,Fri,2023-08-11,Grêmio Novorizontino,Mirassol,2-1,1-1
23,Fri,2023-08-11,Tombense MG,Sport Recife,0-0,
23,Sat,2023-08-12,Criciúma,Londrina PR,2-0,1-0
23,Sat,2023-08-12,Botafogo-SP,Ponte Preta,0-0,
23,Sat,2023-08-12,Sampaio Corrêa MA,CRB,1-1,0-0
23,Sat,2023-08-12,Vila Nova,Avaí,1-1,0-1
23,Sun,2023-08-13,Chapecoense,Atlético-GO,0-1,0-0
23,Sun,2023-08-13,Guarani SP,Juventude-RS,0-1,0-0
23,Sun,2023-08-13,Vitória,Ceará,1-0,1-0
23,Mon,2023-08-14,ABC RN,Ituano SP,1-1,0-0
24,Thu,2023-08-17,Londrina PR,Atlético-GO,0-2,0-0
24,Thu,2023-08-17,Vila Nova,Mirassol,2-0,2-0
24,Fri,2023-08-18,Vitória,Botafogo-SP,2-0,0-0
24,Fri,2023-08-18,Guarani SP,Sport Recife,3-1,3-1
24,Sat,2023-08-19,Avaí,Tombense MG,4-2,1-1
24,Sat,2023-08-19,ABC RN,CRB,1-2,0-1
24,Sat,2023-08-19,Ituano SP,Criciúma,3-0,2-0
24,Sat,2023-08-19,Juventude-RS,Sampaio Corrêa MA,0-0,
24,Sun,2023-08-20,Grêmio Novorizontino,Chapecoense,1-2,1-0
24,Sun,2023-08-20,Ceará,Ponte Preta,1-1,0-0
25,Tue,2023-08-22,Mirassol,Juventude-RS,0-1,0-0
25,Tue,2023-08-22,Criciúma,Vila Nova,1-0,1-0
25,Fri,2023-08-25,Ponte Preta,Londrina PR,1-0,1-0
25,Fri,2023-08-25,Sport Recife,Ituano SP,1-2,0-2
25,Sat,2023-08-26,Sampaio Corrêa MA,Guarani SP,1-1,0-1
25,Sat,2023-08-26,Tombense MG,Ceará,2-2,0-2
25,Sat,2023-08-26,CRB,Grêmio Novorizontino,1-0,1-0
25,Sun,2023-08-27,Chapecoense,Avaí,0-0,
25,Sun,2023-08-27,Atlético-GO,Vitória,0-0,
25,Mon,2023-08-28,Botafogo-SP,ABC RN,0-0,
26,Wed,2023-08-30,Grêmio Novorizontino,Ituano SP,2-0,1-0
26,Thu,2023-08-31,Juventude-RS,Chapecoense,0-0,
26,Fri,2023-09-01,Vitória,Mirassol,0-0,
26,Fri,2023-09-01,Londrina PR,Tombense MG,1-1,0-1
26,Sat,2023-09-02,Avaí,Atlético-GO,0-2,0-1
26,Sat,2023-09-02,ABC RN,Sampaio Corrêa MA,1-1,0-1
26,Sat,2023-09-02,Ceará,Criciúma,1-0,1-0
26,Sat,2023-09-02,Guarani SP,Ponte Preta,1-0,1-0
26,Sun,2023-09-03,Vila Nova,CRB,0-1,0-0
26,Sun,2023-09-03,Botafogo-SP,Sport Recife,1-1,1-1
27,Tue,2023-09-05,Chapecoense,Guarani SP,0-1,0-1
27,Wed,2023-09-06,Ceará,Londrina PR,3-1,3-1
27,Thu,2023-09-07,Tombense MG,ABC RN,3-0,1-0
27,Fri,2023-09-08,Ituano SP,Vila Nova,1-2,0-2
27,Sat,2023-09-09,Ponte Preta,Sampaio Corrêa MA,0-0,
27,Sat,2023-09-09,Mirassol,Botafogo-SP,1-0,0-0
27,Sat,2023-09-09,Sport Recife,Criciúma,3-3,2-1
27,Sun,2023-09-10,Atlético-GO,Juventude-RS,3-0,1-0
27,Sun,2023-09-10,CRB,Vitória,6-0,3-0
27,Mon,2023-09-11,Avaí,Grêmio Novorizontino,1-0,0-0
28,Thu,2023-09-14,Londrina PR,Ituano SP,2-2,2-2
28,Fri,2023-09-15,Vila Nova,Ponte Preta,1-1,1-1
28,Fri,2023-09-15,ABC RN,Sport Recife,0-1,0-0
28,Sat,2023-09-16,Criciúma,Mirassol,2-1,1-1
28,Sat,2023-09-16,Botafogo-SP,Atlético-GO,1-0,1-0
28,Sat,2023-09-16,Sampaio Corrêa MA,Chapecoense,2-0,2-0
28,Sat,2023-09-16,Juventude-RS,CRB,3-1,0-0
28,Sun,2023-09-17,Guarani SP,Tombense MG,3-0,2-0
28,Sun,2023-09-17,Vitória,Avaí,3-0,1-0
28,Mon,2023-09-18,Grêmio Novorizontino,Ceará,4-1,3-0
29,Tue,2023-09-19,Sampaio Corrêa MA,Vila Nova,2-1,1-1
29,Fri,2023-09-22,Ponte Preta,Mirassol,0-3,0-1
29,Fri,2023-09-22,Atlético-GO,Criciúma,3-1,3-1
29,Fri,2023-09-22,Ituano SP,Vitória,0-2,0-1
29,Sat,2023-09-23,Chapecoense,Ceará,1-1,1-0
29,Sat,2023-09-23,CRB,Guarani SP,1-0,0-0
29,Sat,2023-09-23,Tombense MG,Botafogo-SP,0-0,
29,Sat,2023-09-23,Sport Recife,Londrina PR,4-0,1-0
29,Mon,2023-09-25,Avaí,Juventude-RS,0-2,0-2
29,Mon,2023-09-25,Grêmio Novorizontino,ABC RN,2-1,2-0
30,Thu,2023-09-28,Mirassol,CRB,1-0,1-0
30,Thu,2023-09-28,Londrina PR,Sampaio Corrêa MA,1-0,1-0
30,Fri,2023-09-29,Avaí,Sport Recife,2-2,2-1
30,Fri,2023-09-29,Vitória,Tombense MG,1-0,0-0
30,Sat,2023-09-30,Juventude-RS,Criciúma,1-0,0-0
30,Sat,2023-09-30,Guarani SP,Grêmio Novorizontino,2-1,1-1
30,Sat,2023-09-30,Ituano SP,Botafogo-SP,1-1,1-1
30,Sat,2023-09-30,ABC RN,Ponte Preta,2-0,0-0
30,Sun,2023-10-01,Vila Nova,Chapecoense,0-0,
30,Sun,2023-10-01,Ceará,Atlético-GO,0-1,0-0
31,Tue,2023-10-03,Mirassol,Londrina PR,2-0,2-0
31,Thu,2023-10-05,Chapecoense,ABC RN,0-0,
31,Fri,2023-10-06,Atlético-GO,Ituano SP,1-0,1-0
31,Fri,2023-10-06,CRB,Ceará,2-0,1-0
31,Sat,2023-10-07,Tombense MG,Juventude-RS,1-1,1-0
31,Sat,2023-10-07,Botafogo-SP,Avaí,0-1,0-0
31,Sat,2023-10-07,Sampaio Corrêa MA,Grêmio Novorizontino,1-1,0-0
31,Sat,2023-10-07,Guarani SP,Vila Nova,1-1,0-1
31,Sun,2023-10-08,Criciúma,Vitória,1-0,1-0
31,Mon,2023-10-09,Sport Recife,Ponte Preta,3-3,1-3
32,Tue,2023-10-10,ABC RN,Mirassol,1-2,0-2
32,Wed,2023-10-11,Vila Nova,Botafogo-SP,3-1,2-0
32,Fri,2023-10-13,Criciúma,Chapecoense,1-2,0-1
32,Sat,2023-10-14,Ituano SP,CRB,0-0,
32,Sat,2023-10-14,Grêmio Novorizontino,Tombense MG,0-0,
32,Sat,2023-10-14,Ceará,Sampaio Corrêa MA,0-0,
32,Sun,2023-10-15,Ponte Preta,Atlético-GO,0-2,0-1
32,Sun,2023-10-15,Vitória,Guarani SP,2-0,1-0
32,Sun,2023-10-15,Londrina PR,Avaí,1-1,1-0
32,Mon,2023-10-16,Juventude-RS,Sport Recife,2-2,1-1
33,Thu,2023-10-19,Atlético-GO,ABC RN,3-1,1-0
33,Thu,2023-10-19,Tombense MG,Vila Nova,2-1,0-1
33,Fri,2023-10-20,Sampaio Corrêa MA,Vitória,0-1,0-1
33,Fri,2023-10-20,Mirassol,Guarani SP,0-0,
33,Sat,2023-10-21,Botafogo-SP,Grêmio Novorizontino,2-0,1-0
33,Sat,2023-10-21,CRB,Criciúma,0-1,0-0
33,Sat,2023-10-21,Juventude-RS,Londrina PR,2-2,1-2
33,Sun,2023-10-22,Avaí,Ceará,1-0,0-0
33,Sun,2023-10-22,Sport Recife,Chapecoense,2-1,0-1
33,Mon,2023-10-23,Ponte Preta,Ituano SP,0-0,
34,Thu,2023-10-26,ABC RN,Avaí,1-1,0-1
34,Fri,2023-10-27,Ceará,Sport Recife,2-1,1-1
34,Fri,2023-10-27,Guarani SP,Botafogo-SP,0-1,0-0
34,Fri,2023-10-27,Grêmio Novorizontino,Ponte Preta,2-0,0-0
34,Sat,2023-10-28,Criciúma,Sampaio Corrêa MA,3-0,3-0
34,Sat,2023-10-28,Ituano SP,Mirassol,0-0,
34,Sat,2023-10-28,Vila Nova,Atlético-GO,2-1,0-0
34,Sun,2023-10-29,Londrina PR,CRB,1-1,0-0
34,Sun,2023-10-29,Vitória,Juventude-RS,0-0,
34,Mon,2023-10-30,Chapecoense,Tombense MG,1-2,0-1
35,Wed,2023-11-01,Atlético-GO,Grêmio Novorizontino,2-2,1-2
35,Fri,2023-11-03,Mirassol,Sport Recife,2-1,1-0
35,Fri,2023-11-03,Juventude-RS,Ituano SP,2-1,1-0
35,Fri,2023-11-03,Londrina PR,Guarani SP,0-0,
35,Sat,2023-11-04,Botafogo-SP,Ceará,2-2,1-1
35,Sat,2023-11-04,Ponte Preta,Avaí,0-1,0-0
35,Sat,2023-11-04,Sampaio Corrêa MA,Tombense MG,1-2,1-1
35,Sun,2023-11-05,Vitória,Vila Nova,1-1,0-1
35,Tue,2023-11-07,CRB,Chapecoense,3-2,2-1
35,Tue,2023-11-07,Criciúma,ABC RN,1-0,1-0
36,Fri,2023-11-10,Vila Nova,Londrina PR,4-1,2-0
36,Fri,2023-11-10,Sport Recife,Atlético-GO,0-0,
36,Sat,2023-11-11,Ituano SP,Sampaio Corrêa MA,2-1,2-0
36,Sat,2023-11-11,Avaí,CRB,1-1,1-0
36,Sat,2023-11-11,Chapecoense,Botafogo-SP,2-0,0-0
36,Sat,2023-11-11,Tombense MG,Ponte Preta,0-1,0-0
36,Sun,2023-11-12,Ceará,Mirassol,2-0,0-0
36,Sun,2023-11-12,Grêmio Novorizontino,Vitória,1-2,1-1
36,Tue,2023-11-14,Guarani SP,Criciúma,1-1,0-1
36,Tue,2023-11-14,ABC RN,Juventude-RS,0-0,
37,Fri,2023-11-17,Ituano SP,Chapecoense,0-0,
37,Fri,2023-11-17,Londrina PR,Grêmio Novorizontino,0-1,0-0
37,Sat,2023-11-18,Criciúma,Botafogo-SP,3-0,1-0
37,Sat,2023-11-18,Juventude-RS,Ponte Preta,0-0,
37,Sat,2023-11-18,Mirassol,Atlético-GO,4-1,2-0
37,Sat,2023-11-18,Vila Nova,Ceará,3-1,1-1
37,Sat,2023-11-18,Vitória,Sport Recife,1-0,0-0
37,Sun,2023-11-19,Guarani SP,ABC RN,2-3,1-1
37,Sun,2023-11-19,CRB,Tombense MG,2-0,0-0
37,Mon,2023-11-20,Sampaio Corrêa MA,Avaí,4-0,3-0
38,Sat,2023-11-25,ABC RN,Vila Nova,3-2,2-0
38,Sat,2023-11-25,Atlético-GO,Guarani SP,3-0,0-0
38,Sat,2023-11-25,Avaí,Ituano SP,0-0,
38,Sat,2023-11-25,Botafogo-SP,Londrina PR,0-1,0-0
38,Sat,2023-11-25,Ceará,Juventude-RS,1-3,1-1
38,Sat,2023-11-25,Chapecoense,Vitória,3-1,1-1
38,Sat,2023-11-25,Grêmio Novorizontino,Criciúma,2-0,1-0
38,Sat,2023-11-25,Ponte Preta,CRB,3-0,1-0
38,Sat,2023-11-25,Sport Recife,Sampaio Corrêa MA,4-1,3-0
38,Sat,2023-11-25,Tombense MG,Mirassol,0-1,0-0
